{"mean": [20.64276066995817, 0.12282064590728539, 24.68607375, -7.325354631185325, 0.23319347497846407, 0.7331114605418658], "std": [10.472230069670083, 0.09493600400810571, 9.997137105706395, 2.372440650018864, 0.11603723787479486, 0.21222133560694625], "min": [-0.00014793945592828095, 0.0, 1.0, -37.64071630526339, 0.0, 0.0], "max": [268.2101745605469, 0.6835339725410585, 129.0, 0.0, 0.49999945831260656, 1.5524538890960489]}