{"mean": [17.300824837024415, 0.14098477068797563, 17.578643125, -6.995801509364437, 0.24047311431023666, 0.6728525133042466], "std": [10.322296147955338, 0.09606005939990316, 7.931550148541987, 2.4779018398774064, 0.12024468723415481, 0.2031210395299312], "min": [-6.103515625e-05, 0.0, 1.0, -37.56014241218721, 0.0, 0.0], "max": [268.97637939453125, 0.6643881690767338, 97.0, 0.0, 0.4999993845380562, 1.5568787435542293]}