{"mean": [20.644124136217112, 0.12287007293630642, 24.689707, -7.322865518200269, 0.233272126179479, 0.7331446408670402], "std": [10.481676174638867, 0.09493812159805178, 10.004744637125771, 2.3660988360146007, 0.11601732112547603, 0.21217394005827514]}