{"mean": [17.30245904071995, 0.14101769818733406, 17.58163, -6.992540095228666, 0.24045723464328803, 0.6729973353046463], "std": [10.339271373199676, 0.09606040242858661, 7.940389571243495, 2.472631596314238, 0.12016212355734374, 0.2031882567951062]}